mes_origen,mes_pago,mes_desarrollo,miembros_mes,indice_estacional,pago_incremental,pago_acumulado
2021-01,2021-01,0,80942,1.085,5240365636.47,5240365636.47
2021-01,2021-02,1,80942,1.085,3556870335.77,8797235972.23
2021-01,2021-03,2,80942,1.085,2383450180.91,11180686153.14
2021-01,2021-04,3,80942,1.085,2036200773.86,13216886927.0
2021-01,2021-05,4,80942,1.085,1570142772.94,14787029699.93
2021-01,2021-06,5,80942,1.085,1181182383.29,15968212083.23
2021-01,2021-07,6,80942,1.085,902217045.18,16870429128.4
2021-01,2021-08,7,80942,1.085,676135558.57,17546564686.98
2021-01,2021-09,8,80942,1.085,515969402.63,18062534089.61
2021-01,2021-10,9,80942,1.085,382217173.66,18444751263.27
2021-01,2021-11,10,80942,1.085,272289747.73,18717041010.99
2021-01,2021-12,11,80942,1.085,192551692.46,18909592703.46
2021-01,2022-01,12,80942,1.085,125180800.88,19034773504.34
2021-01,2022-02,13,80942,1.085,84273774.89,19119047279.23
2021-01,2022-03,14,80942,1.085,48631600.22,19167678879.45
2021-01,2022-04,15,80942,1.085,30738660.89,19198417540.34
2021-01,2022-05,16,80942,1.085,25375138.95,19223792679.29
2021-01,2022-06,17,80942,1.085,14312241.81,19238104921.1
2021-01,2022-07,18,80942,1.085,8250389.11,19246355310.21
2021-01,2022-08,19,80942,1.085,6203157.57,19252558467.78
2021-01,2022-09,20,80942,1.085,3043276.17,19255601743.95
2021-01,2022-10,21,80942,1.085,2956686.25,19258558430.2
2021-01,2022-11,22,80942,1.085,1214250.05,19259772680.25
2021-01,2022-12,23,80942,1.085,880151.92,19260652832.17
2021-01,2023-01,24,80942,1.085,643620.81,19261296452.98
2021-02,2021-02,0,82888,1.086112,5541799606.62,5541799606.62
2021-02,2021-03,1,82888,1.086112,3454923487.41,8996723094.03
2021-02,2021-04,2,82888,1.086112,2396653207.4,11393376301.44
2021-02,2021-05,3,82888,1.086112,2157010787.66,13550387089.1
2021-02,2021-06,4,82888,1.086112,1649122844.18,15199509933.28
2021-02,2021-07,5,82888,1.086112,1251027777.07,16450537710.35
2021-02,2021-08,6,82888,1.086112,1029606226.56,17480143936.91
2021-02,2021-09,7,82888,1.086112,744961464.62,18225105401.53
2021-02,2021-10,8,82888,1.086112,602990569.23,18828095970.76
2021-02,2021-11,9,82888,1.086112,419355018.08,19247450988.84
2021-02,2021-12,10,82888,1.086112,265573341.73,19513024330.57
2021-02,2022-01,11,82888,1.086112,194966744.52,19707991075.09
2021-02,2022-02,12,82888,1.086112,135635579.88,19843626654.98
2021-02,2022-03,13,82888,1.086112,99631508.37,19943258163.35
2021-02,2022-04,14,82888,1.086112,58585224.82,20001843388.17
2021-02,2022-05,15,82888,1.086112,38547425.48,20040390813.65
2021-02,2022-06,16,82888,1.086112,22359843.51,20062750657.15
2021-02,2022-07,17,82888,1.086112,14595948.88,20077346606.03
2021-02,2022-08,18,82888,1.086112,7838161.12,20085184767.15
2021-02,2022-09,19,82888,1.086112,5519200.02,20090703967.17
2021-02,2022-10,20,82888,1.086112,3865791.63,20094569758.81
2021-02,2022-11,21,82888,1.086112,2752135.0,20097321893.81
2021-02,2022-12,22,82888,1.086112,1262842.75,20098584736.56
2021-02,2023-01,23,82888,1.086112,1166816.01,20099751552.57
2021-02,2023-02,24,82888,1.086112,907133.68,20100658686.25
2021-03,2021-03,0,81631,1.064151,5219180543.17,5219180543.17
2021-03,2021-04,1,81631,1.064151,3199065974.28,8418246517.45
2021-03,2021-05,2,81631,1.064151,2429035614.53,10847282131.99
2021-03,2021-06,3,81631,1.064151,1836600556.59,12683882688.58
2021-03,2021-07,4,81631,1.064151,1358478998.61,14042361687.19
2021-03,2021-08,5,81631,1.064151,1329026995.33,15371388682.52
2021-03,2021-09,6,81631,1.064151,908534779.1,16279923461.62
2021-03,2021-10,7,81631,1.064151,675581181.65,16955504643.27
2021-03,2021-11,8,81631,1.064151,480544403.36,17436049046.63
2021-03,2021-12,9,81631,1.064151,329224926.08,17765273972.71
2021-03,2022-01,10,81631,1.064151,252517283.37,18017791256.08
2021-03,2022-02,11,81631,1.064151,162307254.96,18180098511.04
2021-03,2022-03,12,81631,1.064151,119651014.13,18299749525.17
2021-03,2022-04,13,81631,1.064151,78181763.36,18377931288.54
2021-03,2022-05,14,81631,1.064151,55757971.25,18433689259.79
2021-03,2022-06,15,81631,1.064151,33568163.23,18467257423.02
2021-03,2022-07,16,81631,1.064151,21398942.05,18488656365.07
2021-03,2022-08,17,81631,1.064151,14164834.12,18502821199.19
2021-03,2022-09,18,81631,1.064151,7378398.15,18510199597.34
2021-03,2022-10,19,81631,1.064151,6129729.18,18516329326.53
2021-03,2022-11,20,81631,1.064151,2947985.49,18519277312.02
2021-03,2022-12,21,81631,1.064151,2532590.79,18521809902.81
2021-03,2023-01,22,81631,1.064151,1166630.23,18522976533.04
2021-03,2023-02,23,81631,1.064151,935992.73,18523912525.77
2021-03,2023-03,24,81631,1.064151,756271.65,18524668797.42
2021-04,2021-04,0,81979,1.025,5235388116.34,5235388116.34
2021-04,2021-05,1,81979,1.025,3207740035.72,8443128152.07
2021-04,2021-06,2,81979,1.025,2300088152.18,10743216304.24
2021-04,2021-07,3,81979,1.025,1769128061.16,12512344365.41
2021-04,2021-08,4,81979,1.025,1433803878.56,13946148243.97
2021-04,2021-09,5,81979,1.025,1180776026.45,15126924270.42
2021-04,2021-10,6,81979,1.025,905996540.93,16032920811.35
2021-04,2021-11,7,81979,1.025,661231823.05,16694152634.41
2021-04,2021-12,8,81979,1.025,500143062.57,17194295696.98
2021-04,2022-01,9,81979,1.025,324978446.39,17519274143.37
2021-04,2022-02,10,81979,1.025,275233542.96,17794507686.33
2021-04,2022-03,11,81979,1.025,155851627.32,17950359313.64
2021-04,2022-04,12,81979,1.025,112432367.59,18062791681.24
2021-04,2022-05,13,81979,1.025,82814640.64,18145606321.88
2021-04,2022-06,14,81979,1.025,52744895.44,18198351217.31
2021-04,2022-07,15,81979,1.025,28969312.41,18227320529.72
2021-04,2022-08,16,81979,1.025,19795164.9,18247115694.63
2021-04,2022-09,17,81979,1.025,11869698.93,18258985393.56
2021-04,2022-10,18,81979,1.025,9358924.63,18268344318.19
2021-04,2022-11,19,81979,1.025,4672764.64,18273017082.83
2021-04,2022-12,20,81979,1.025,2903889.9,18275920972.72
2021-04,2023-01,21,81979,1.025,2066997.55,18277987970.27
2021-04,2023-02,22,81979,1.025,998808.06,18278986778.33
2021-04,2023-03,23,81979,1.025,967325.56,18279954103.9
2021-04,2023-04,24,81979,1.025,710698.12,18280664802.01
2021-05,2021-05,0,82722,0.979151,4653130567.33,4653130567.33
2021-05,2021-06,1,82722,0.979151,3059492296.01,7712622863.35
2021-05,2021-07,2,82722,0.979151,2278912703.21,9991535566.56
2021-05,2021-08,3,82722,0.979151,1706111098.2,11697646664.76
2021-05,2021-09,4,82722,0.979151,1431600412.77,13129247077.53
2021-05,2021-10,5,82722,0.979151,1115473974.08,14244721051.61
2021-05,2021-11,6,82722,0.979151,857874644.08,15102595695.69
2021-05,2021-12,7,82722,0.979151,619690854.78,15722286550.47
2021-05,2022-01,8,82722,0.979151,470935935.29,16193222485.77
2021-05,2022-02,9,82722,0.979151,380066143.91,16573288629.67
2021-05,2022-03,10,82722,0.979151,245746077.28,16819034706.95
2021-05,2022-04,11,82722,0.979151,184034843.76,17003069550.71
2021-05,2022-05,12,82722,0.979151,97582958.92,17100652509.63
2021-05,2022-06,13,82722,0.979151,66164409.9,17166816919.53
2021-05,2022-07,14,82722,0.979151,42954585.62,17209771505.15
2021-05,2022-08,15,82722,0.979151,27010934.15,17236782439.29
2021-05,2022-09,16,82722,0.979151,20228770.38,17257011209.67
2021-05,2022-10,17,82722,0.979151,14445997.4,17271457207.07
2021-05,2022-11,18,82722,0.979151,8450809.55,17279908016.63
2021-05,2022-12,19,82722,0.979151,5036465.85,17284944482.48
2021-05,2023-01,20,82722,0.979151,2689717.8,17287634200.27
2021-05,2023-02,21,82722,0.979151,2296957.1,17289931157.37
2021-05,2023-03,22,82722,0.979151,1050702.67,17290981860.04
2021-05,2023-04,23,82722,0.979151,833142.1,17291815002.14
2021-05,2023-05,24,82722,0.979151,724756.31,17292539758.45
2021-06,2021-06,0,83945,0.938888,4397097410.19,4397097410.19
2021-06,2021-07,1,83945,0.938888,2877241784.76,7274339194.95
2021-06,2021-08,2,83945,0.938888,2190123000.19,9464462195.14
2021-06,2021-09,3,83945,0.938888,1676945607.74,11141407802.87
2021-06,2021-10,4,83945,0.938888,1496489184.0,12637896986.88
2021-06,2021-11,5,83945,0.938888,1008563045.65,13646460032.53
2021-06,2021-12,6,83945,0.938888,787854842.67,14434314875.2
2021-06,2022-01,7,83945,0.938888,593619920.67,15027934795.86
2021-06,2022-02,8,83945,0.938888,426195930.03,15454130725.9
2021-06,2022-03,9,83945,0.938888,333337853.07,15787468578.97
2021-06,2022-04,10,83945,0.938888,258089497.81,16045558076.78
2021-06,2022-05,11,83945,0.938888,164370297.21,16209928373.99
2021-06,2022-06,12,83945,0.938888,118925038.03,16328853412.02
2021-06,2022-07,13,83945,0.938888,68596244.73,16397449656.75
2021-06,2022-08,14,83945,0.938888,47053304.99,16444502961.75
2021-06,2022-09,15,83945,0.938888,32464768.93,16476967730.67
2021-06,2022-10,16,83945,0.938888,21833594.75,16498801325.43
2021-06,2022-11,17,83945,0.938888,12674412.03,16511475737.45
2021-06,2022-12,18,83945,0.938888,8407851.4,16519883588.85
2021-06,2023-01,19,83945,0.938888,4220025.45,16524103614.3
2021-06,2023-02,20,83945,0.938888,2645235.58,16526748849.88
2021-06,2023-03,21,83945,0.938888,1998197.4,16528747047.28
2021-06,2023-04,22,83945,0.938888,1189956.43,16529937003.71
2021-06,2023-05,23,83945,0.938888,767752.2,16530704755.92
2021-06,2023-06,24,83945,0.938888,596196.25,16531300952.16
2021-07,2021-07,0,83307,0.915,4708040452.84,4708040452.84
2021-07,2021-08,1,83307,0.915,3217816528.66,7925856981.5
2021-07,2021-09,2,83307,0.915,2237621606.98,10163478588.47
2021-07,2021-10,3,83307,0.915,1726544681.67,11890023270.15
2021-07,2021-11,4,83307,0.915,1523999790.0,13414023060.14
2021-07,2021-12,5,83307,0.915,1062708686.47,14476731746.62
2021-07,2022-01,6,83307,0.915,867377984.96,15344109731.57
2021-07,2022-02,7,83307,0.915,716185579.57,16060295311.14
2021-07,2022-03,8,83307,0.915,481983738.33,16542279049.47
2021-07,2022-04,9,83307,0.915,338618896.67,16880897946.14
2021-07,2022-05,10,83307,0.915,253649374.03,17134547320.17
2021-07,2022-06,11,83307,0.915,150135818.02,17284683138.2
2021-07,2022-07,12,83307,0.915,114171890.91,17398855029.11
2021-07,2022-08,13,83307,0.915,80675953.35,17479530982.46
2021-07,2022-09,14,83307,0.915,59847644.66,17539378627.11
2021-07,2022-10,15,83307,0.915,33494172.17,17572872799.29
2021-07,2022-11,16,83307,0.915,21052016.67,17593924815.95
2021-07,2022-12,17,83307,0.915,12748177.26,17606672993.21
2021-07,2023-01,18,83307,0.915,7234240.32,17613907233.53
2021-07,2023-02,19,83307,0.915,4893546.18,17618800779.71
2021-07,2023-03,20,83307,0.915,3205973.1,17622006752.81
2021-07,2023-04,21,83307,0.915,2310971.07,17624317723.88
2021-07,2023-05,22,83307,0.915,1418055.21,17625735779.09
2021-07,2023-06,23,83307,0.915,915752.25,17626651531.34
2021-07,2023-07,24,83307,0.915,955304.7,17627606836.04
2021-08,2021-08,0,83451,0.913888,4725898830.75,4725898830.75
2021-08,2021-09,1,83451,0.913888,2919121979.58,7645020810.33
2021-08,2021-10,2,83451,0.913888,2124650023.69,9769670834.02
2021-08,2021-11,3,83451,0.913888,1669263625.18,11438934459.2
2021-08,2021-12,4,83451,0.913888,1529483070.32,12968417529.52
2021-08,2022-01,5,83451,0.913888,1091632580.98,14060050110.5
2021-08,2022-02,6,83451,0.913888,824872277.51,14884922388.01
2021-08,2022-03,7,83451,0.913888,581012119.82,15465934507.83
2021-08,2022-04,8,83451,0.913888,442436840.47,15908371348.3
2021-08,2022-05,9,83451,0.913888,343647496.56,16252018844.86
2021-08,2022-06,10,83451,0.913888,239064156.23,16491083001.09
2021-08,2022-07,11,83451,0.913888,159804790.15,16650887791.24
2021-08,2022-08,12,83451,0.913888,107168921.61,16758056712.85
2021-08,2022-09,13,83451,0.913888,83076726.85,16841133439.7
2021-08,2022-10,14,83451,0.913888,47780339.42,16888913779.12
2021-08,2022-11,15,83451,0.913888,31895032.9,16920808812.02
2021-08,2022-12,16,83451,0.913888,19857796.08,16940666608.1
2021-08,2023-01,17,83451,0.913888,13725881.68,16954392489.78
2021-08,2023-02,18,83451,0.913888,6887966.85,16961280456.63
2021-08,2023-03,19,83451,0.913888,5181662.29,16966462118.92
2021-08,2023-04,20,83451,0.913888,3469650.87,16969931769.79
2021-08,2023-05,21,83451,0.913888,1925248.69,16971857018.48
2021-08,2023-06,22,83451,0.913888,1322501.44,16973179519.92
2021-08,2023-07,23,83451,0.913888,861618.71,16974041138.63
2021-08,2023-08,24,83451,0.913888,587599.95,16974628738.58
2021-09,2021-09,0,82241,0.935849,5026119414.39,5026119414.39
2021-09,2021-10,1,82241,0.935849,3232392482.87,8258511897.27
2021-09,2021-11,2,82241,0.935849,2265357717.28,10523869614.55
2021-09,2021-12,3,82241,0.935849,1758775698.28,12282645312.83
2021-09,2022-01,4,82241,0.935849,1384907632.48,13667552945.3
2021-09,2022-02,5,82241,0.935849,1082007413.13,14749560358.43
2021-09,2022-03,6,82241,0.935849,831945107.31,15581505465.75
2021-09,2022-04,7,82241,0.935849,604626380.52,16186131846.27
2021-09,2022-05,8,82241,0.935849,423495179.63,16609627025.9
2021-09,2022-06,9,82241,0.935849,344539735.3,16954166761.21
2021-09,2022-07,10,82241,0.935849,247776515.58,17201943276.78
2021-09,2022-08,11,82241,0.935849,170528232.77,17372471509.55
2021-09,2022-09,12,82241,0.935849,107245798.62,17479717308.17
2021-09,2022-10,13,82241,0.935849,82971266.22,17562688574.38
2021-09,2022-11,14,82241,0.935849,49549579.8,17612238154.18
2021-09,2022-12,15,82241,0.935849,25538330.48,17637776484.66
2021-09,2023-01,16,82241,0.935849,24353971.72,17662130456.38
2021-09,2023-02,17,82241,0.935849,12421390.25,17674551846.63
2021-09,2023-03,18,82241,0.935849,8255039.08,17682806885.71
2021-09,2023-04,19,82241,0.935849,4565580.53,17687372466.24
2021-09,2023-05,20,82241,0.935849,3123938.0,17690496404.25
2021-09,2023-06,21,82241,0.935849,2065927.76,17692562332.01
2021-09,2023-07,22,82241,0.935849,1019022.13,17693581354.14
2021-09,2023-08,23,82241,0.935849,1169289.53,17694750643.67
2021-09,2023-09,24,82241,0.935849,750542.99,17695501186.67
2021-10,2021-10,0,82713,0.975,5199606697.15,5199606697.15
2021-10,2021-11,1,82713,0.975,3225110373.96,8424717071.11
2021-10,2021-12,2,82713,0.975,2566204777.78,10990921848.89
2021-10,2022-01,3,82713,0.975,1662771109.79,12653692958.68
2021-10,2022-02,4,82713,0.975,1389693495.0,14043386453.68
2021-10,2022-03,5,82713,0.975,1136453260.72,15179839714.4
2021-10,2022-04,6,82713,0.975,853928711.96,16033768426.36
2021-10,2022-05,7,82713,0.975,680633112.37,16714401538.73
2021-10,2022-06,8,82713,0.975,445437858.2,17159839396.93
2021-10,2022-07,9,82713,0.975,390156263.91,17549995660.85
2021-10,2022-08,10,82713,0.975,278616231.54,17828611892.38
2021-10,2022-09,11,82713,0.975,174981628.45,18003593520.83
2021-10,2022-10,12,82713,0.975,105253854.52,18108847375.34
2021-10,2022-11,13,82713,0.975,76390095.43,18185237470.78
2021-10,2022-12,14,82713,0.975,51756410.05,18236993880.83
2021-10,2023-01,15,82713,0.975,31937725.61,18268931606.43
2021-10,2023-02,16,82713,0.975,18526831.31,18287458437.75
2021-10,2023-03,17,82713,0.975,15238206.16,18302696643.9
2021-10,2023-04,18,82713,0.975,8461690.09,18311158333.99
2021-10,2023-05,19,82713,0.975,5476167.65,18316634501.64
2021-10,2023-06,20,82713,0.975,2896843.47,18319531345.12
2021-10,2023-07,21,82713,0.975,2444192.86,18321975537.97
2021-10,2023-08,22,82713,0.975,1307918.52,18323283456.49
2021-10,2023-09,23,82713,0.975,881248.57,18324164705.06
2021-10,2023-10,24,82713,0.975,788283.08,18324952988.14
2021-11,2021-11,0,82717,1.020849,5321959448.28,5321959448.28
2021-11,2021-12,1,82717,1.020849,3420048632.98,8742008081.26
2021-11,2022-01,2,82717,1.020849,2608185938.61,11350194019.87
2021-11,2022-02,3,82717,1.020849,2064820353.12,13415014372.99
2021-11,2022-03,4,82717,1.020849,1564112800.22,14979127173.21
2021-11,2022-04,5,82717,1.020849,1139647259.98,16118774433.19
2021-11,2022-05,6,82717,1.020849,955922495.89,17074696929.09
2021-11,2022-06,7,82717,1.020849,713351659.64,17788048588.73
2021-11,2022-07,8,82717,1.020849,500330675.19,18288379263.92
2021-11,2022-08,9,82717,1.020849,413887263.54,18702266527.46
2021-11,2022-09,10,82717,1.020849,290889328.73,18993155856.19
2021-11,2022-10,11,82717,1.020849,183585375.09,19176741231.28
2021-11,2022-11,12,82717,1.020849,128370361.32,19305111592.61
2021-11,2022-12,13,82717,1.020849,94656352.33,19399767944.94
2021-11,2023-01,14,82717,1.020849,51425610.55,19451193555.49
2021-11,2023-02,15,82717,1.020849,40819722.79,19492013278.28
2021-11,2023-03,16,82717,1.020849,19679970.19,19511693248.47
2021-11,2023-04,17,82717,1.020849,18216653.63,19529909902.1
2021-11,2023-05,18,82717,1.020849,9235990.53,19539145892.64
2021-11,2023-06,19,82717,1.020849,6758093.82,19545903986.46
2021-11,2023-07,20,82717,1.020849,3554606.97,19549458593.43
2021-11,2023-08,21,82717,1.020849,3163692.61,19552622286.04
2021-11,2023-09,22,82717,1.020849,1325848.25,19553948134.29
2021-11,2023-10,23,82717,1.020849,980946.52,19554929080.81
2021-11,2023-11,24,82717,1.020849,867281.02,19555796361.83
2021-12,2021-12,0,84979,1.061112,5963219403.99,5963219403.99
2021-12,2022-01,1,84979,1.061112,3774517304.55,9737736708.54
2021-12,2022-02,2,84979,1.061112,2703942696.4,12441679404.94
2021-12,2022-03,3,84979,1.061112,2146145703.54,14587825108.48
2021-12,2022-04,4,84979,1.061112,1687156297.16,16274981405.64
2021-12,2022-05,5,84979,1.061112,1417785455.25,17692766860.89
2021-12,2022-06,6,84979,1.061112,1030405290.66,18723172151.55
2021-12,2022-07,7,84979,1.061112,743203066.94,19466375218.49
2021-12,2022-08,8,84979,1.061112,556943323.06,20023318541.55
2021-12,2022-09,9,84979,1.061112,451257238.03,20474575779.58
2021-12,2022-10,10,84979,1.061112,311534335.21,20786110114.79
2021-12,2022-11,11,84979,1.061112,195701193.08,20981811307.87
2021-12,2022-12,12,84979,1.061112,141279113.12,21123090420.98
2021-12,2023-01,13,84979,1.061112,90135532.93,21213225953.91
2021-12,2023-02,14,84979,1.061112,62057084.15,21275283038.06
2021-12,2023-03,15,84979,1.061112,43772422.53,21319055460.59
2021-12,2023-04,16,84979,1.061112,21850519.23,21340905979.82
2021-12,2023-05,17,84979,1.061112,17755309.31,21358661289.13
2021-12,2023-06,18,84979,1.061112,8916515.63,21367577804.76
2021-12,2023-07,19,84979,1.061112,5601810.8,21373179615.56
2021-12,2023-08,20,84979,1.061112,3834424.56,21377014040.12
2021-12,2023-09,21,84979,1.061112,2536430.54,21379550470.66
2021-12,2023-10,22,84979,1.061112,1255155.68,21380805626.34
2021-12,2023-11,23,84979,1.061112,1165754.34,21381971380.68
2021-12,2023-12,24,84979,1.061112,905583.09,21382876963.77
2022-01,2022-01,0,84475,1.085,5583998952.42,5583998952.42
2022-01,2022-02,1,84475,1.085,3864441479.62,9448440432.04
2022-01,2022-03,2,84475,1.085,2538494124.91,11986934556.95
2022-01,2022-04,3,84475,1.085,2034713306.12,14021647863.07
2022-01,2022-05,4,84475,1.085,1756082758.74,15777730621.81
2022-01,2022-06,5,84475,1.085,1219200970.03,16996931591.85
2022-01,2022-07,6,84475,1.085,950887636.19,17947819228.04
2022-01,2022-08,7,84475,1.085,797627354.33,18745446582.36
2022-01,2022-09,8,84475,1.085,593804323.9,19339250906.26
2022-01,2022-10,9,84475,1.085,438344467.15,19777595373.41
2022-01,2022-11,10,84475,1.085,303353796.18,20080949169.59
2022-01,2022-12,11,84475,1.085,203304523.83,20284253693.42
2022-01,2023-01,12,84475,1.085,141333403.17,20425587096.59
2022-01,2023-02,13,84475,1.085,95806074.63,20521393171.22
2022-01,2023-03,14,84475,1.085,60244284.57,20581637455.79
2022-01,2023-04,15,84475,1.085,39634854.92,20621272310.71
2022-01,2023-05,16,84475,1.085,26512394.4,20647784705.11
2022-01,2023-06,17,84475,1.085,15696558.31,20663481263.42
2022-01,2023-07,18,84475,1.085,8731760.52,20672213023.94
2022-01,2023-08,19,84475,1.085,5864802.11,20678077826.06
2022-01,2023-09,20,84475,1.085,4410390.09,20682488216.15
2022-01,2023-10,21,84475,1.085,3069407.49,20685557623.64
2022-01,2023-11,22,84475,1.085,1434876.6,20686992500.24
2022-01,2023-12,23,84475,1.085,1081174.08,20688073674.31
2022-01,2024-01,24,84475,1.085,713820.33,20688787494.64
2022-02,2022-02,0,84181,1.086112,6077385842.77,6077385842.77
2022-02,2022-03,1,84181,1.086112,4034349530.88,10111735373.65
2022-02,2022-04,2,84181,1.086112,3041127347.97,13152862721.62
2022-02,2022-05,3,84181,1.086112,2244509423.17,15397372144.8
2022-02,2022-06,4,84181,1.086112,1817324705.04,17214696849.84
2022-02,2022-07,5,84181,1.086112,1361633511.45,18576330361.29
2022-02,2022-08,6,84181,1.086112,1178578400.33,19754908761.62
2022-02,2022-09,7,84181,1.086112,797856702.15,20552765463.76
2022-02,2022-10,8,84181,1.086112,618512407.0,21171277870.77
2022-02,2022-11,9,84181,1.086112,412533244.42,21583811115.19
2022-02,2022-12,10,84181,1.086112,301536029.98,21885347145.16
2022-02,2023-01,11,84181,1.086112,210471546.74,22095818691.91
2022-02,2023-02,12,84181,1.086112,131624356.29,22227443048.2
2022-02,2023-03,13,84181,1.086112,82100398.04,22309543446.24
2022-02,2023-04,14,84181,1.086112,54519354.14,22364062800.38
2022-02,2023-05,15,84181,1.086112,39361698.18,22403424498.56
2022-02,2023-06,16,84181,1.086112,28565352.1,22431989850.66
2022-02,2023-07,17,84181,1.086112,15381465.64,22447371316.3
2022-02,2023-08,18,84181,1.086112,12292343.99,22459663660.29
2022-02,2023-09,19,84181,1.086112,6524083.92,22466187744.2
2022-02,2023-10,20,84181,1.086112,4121303.28,22470309047.48
2022-02,2023-11,21,84181,1.086112,3202515.35,22473511562.84
2022-02,2023-12,22,84181,1.086112,1691048.59,22475202611.43
2022-02,2024-01,23,84181,1.086112,1035275.06,22476237886.49
2022-02,2024-02,24,84181,1.086112,971792.52,22477209679.02
2022-03,2022-03,0,85132,1.064151,5832941068.46,5832941068.46
2022-03,2022-04,1,85132,1.064151,3800499681.45,9633440749.9
2022-03,2022-05,2,85132,1.064151,2943724998.87,12577165748.77
2022-03,2022-06,3,85132,1.064151,1996129819.35,14573295568.12
2022-03,2022-07,4,85132,1.064151,1908502038.35,16481797606.46
2022-03,2022-08,5,85132,1.064151,1337264127.1,17819061733.56
2022-03,2022-09,6,85132,1.064151,1026641485.08,18845703218.64
2022-03,2022-10,7,85132,1.064151,765141796.45,19610845015.09
2022-03,2022-11,8,85132,1.064151,557340895.3,20168185910.39
2022-03,2022-12,9,85132,1.064151,421670511.75,20589856422.14
2022-03,2023-01,10,85132,1.064151,271733211.72,20861589633.85
2022-03,2023-02,11,85132,1.064151,214724247.86,21076313881.71
2022-03,2023-03,12,85132,1.064151,124058819.35,21200372701.06
2022-03,2023-04,13,85132,1.064151,83065122.27,21283437823.33
2022-03,2023-05,14,85132,1.064151,52091737.24,21335529560.57
2022-03,2023-06,15,85132,1.064151,36865960.29,21372395520.86
2022-03,2023-07,16,85132,1.064151,24564975.12,21396960495.98
2022-03,2023-08,17,85132,1.064151,18009547.2,21414970043.18
2022-03,2023-09,18,85132,1.064151,8975399.29,21423945442.47
2022-03,2023-10,19,85132,1.064151,7547587.71,21431493030.18
2022-03,2023-11,20,85132,1.064151,3411856.24,21434904886.43
2022-03,2023-12,21,85132,1.064151,2896059.96,21437800946.39
2022-03,2024-01,22,85132,1.064151,1485283.61,21439286230.0
2022-03,2024-02,23,85132,1.064151,1261613.4,21440547843.4
2022-03,2024-03,24,85132,1.064151,681871.77,21441229715.17
2022-04,2022-04,0,84724,1.025,5587549778.97,5587549778.97
2022-04,2022-05,1,84724,1.025,3781626106.26,9369175885.23
2022-04,2022-06,2,84724,1.025,2663098827.18,12032274712.41
2022-04,2022-07,3,84724,1.025,2076441068.98,14108715781.39
2022-04,2022-08,4,84724,1.025,1679982062.88,15788697844.27
2022-04,2022-09,5,84724,1.025,1199141345.08,16987839189.35
2022-04,2022-10,6,84724,1.025,1009959116.75,17997798306.09
2022-04,2022-11,7,84724,1.025,777344916.63,18775143222.72
2022-04,2022-12,8,84724,1.025,542590856.36,19317734079.09
2022-04,2023-01,9,84724,1.025,380372458.73,19698106537.82
2022-04,2023-02,10,84724,1.025,293833911.57,19991940449.39
2022-04,2023-03,11,84724,1.025,206921255.83,20198861705.22
2022-04,2023-04,12,84724,1.025,128594567.52,20327456272.74
2022-04,2023-05,13,84724,1.025,86925958.9,20414382231.64
2022-04,2023-06,14,84724,1.025,64411364.0,20478793595.63
2022-04,2023-07,15,84724,1.025,38847851.43,20517641447.06
2022-04,2023-08,16,84724,1.025,25107842.94,20542749290.0
2022-04,2023-09,17,84724,1.025,18146011.01,20560895301.0
2022-04,2023-10,18,84724,1.025,8819823.91,20569715124.91
2022-04,2023-11,19,84724,1.025,6128249.98,20575843374.89
2022-04,2023-12,20,84724,1.025,3482984.31,20579326359.2
2022-04,2024-01,21,84724,1.025,2145845.68,20581472204.87
2022-04,2024-02,22,84724,1.025,1491758.86,20582963963.74
2022-04,2024-03,23,84724,1.025,1065641.39,20584029605.13
2022-04,2024-04,24,84724,1.025,854684.53,20584884289.67
2022-05,2022-05,0,83865,0.979151,5531034423.46,5531034423.46
2022-05,2022-06,1,83865,0.979151,3363640990.87,8894675414.33
2022-05,2022-07,2,83865,0.979151,2505749091.61,11400424505.94
2022-05,2022-08,3,83865,0.979151,1927731779.43,13328156285.37
2022-05,2022-09,4,83865,0.979151,1596909420.24,14925065705.61
2022-05,2022-10,5,83865,0.979151,1201617024.07,16126682729.67
2022-05,2022-11,6,83865,0.979151,879948382.17,17006631111.84
2022-05,2022-12,7,83865,0.979151,664806308.74,17671437420.58
2022-05,2023-01,8,83865,0.979151,486439918.48,18157877339.06
2022-05,2023-02,9,83865,0.979151,349801084.55,18507678423.61
2022-05,2023-03,10,83865,0.979151,267967662.9,18775646086.51
2022-05,2023-04,11,83865,0.979151,176044151.99,18951690238.51
2022-05,2023-05,12,83865,0.979151,125075877.59,19076766116.1
2022-05,2023-06,13,83865,0.979151,67445715.36,19144211831.45
2022-05,2023-07,14,83865,0.979151,51425254.55,19195637086.0
2022-05,2023-08,15,83865,0.979151,34137479.7,19229774565.7
2022-05,2023-09,16,83865,0.979151,24555374.97,19254329940.67
2022-05,2023-10,17,83865,0.979151,16864907.46,19271194848.13
2022-05,2023-11,18,83865,0.979151,6731276.81,19277926124.94
2022-05,2023-12,19,83865,0.979151,5688586.08,19283614711.02
2022-05,2024-01,20,83865,0.979151,2981067.77,19286595778.79
2022-05,2024-02,21,83865,0.979151,2063929.23,19288659708.03
2022-05,2024-03,22,83865,0.979151,1368334.89,19290028042.91
2022-05,2024-04,23,83865,0.979151,759226.46,19290787269.37
2022-05,2024-05,24,83865,0.979151,667952.49,19291455221.86
2022-06,2022-06,0,84728,0.938888,5093953847.36,5093953847.36
2022-06,2022-07,1,84728,0.938888,3153371525.4,8247325372.76
2022-06,2022-08,2,84728,0.938888,2488102756.61,10735428129.37
2022-06,2022-09,3,84728,0.938888,1829315697.08,12564743826.45
2022-06,2022-10,4,84728,0.938888,1518105901.71,14082849728.16
2022-06,2022-11,5,84728,0.938888,1148073930.92,15230923659.07
2022-06,2022-12,6,84728,0.938888,900458285.23,16131381944.3
2022-06,2023-01,7,84728,0.938888,688502133.65,16819884077.95
2022-06,2023-02,8,84728,0.938888,471828259.94,17291712337.89
2022-06,2023-03,9,84728,0.938888,342897328.78,17634609666.67
2022-06,2023-04,10,84728,0.938888,265012924.07,17899622590.73
2022-06,2023-05,11,84728,0.938888,165667951.62,18065290542.35
2022-06,2023-06,12,84728,0.938888,131260265.04,18196550807.39
2022-06,2023-07,13,84728,0.938888,68518409.89,18265069217.28
2022-06,2023-08,14,84728,0.938888,51741561.92,18316810779.2
2022-06,2023-09,15,84728,0.938888,35582592.43,18352393371.63
2022-06,2023-10,16,84728,0.938888,22593817.92,18374987189.55
2022-06,2023-11,17,84728,0.938888,14191380.48,18389178570.03
2022-06,2023-12,18,84728,0.938888,8807061.77,18397985631.81
2022-06,2024-01,19,84728,0.938888,5487194.32,18403472826.12
2022-06,2024-02,20,84728,0.938888,3181266.75,18406654092.87
2022-06,2024-03,21,84728,0.938888,2622812.41,18409276905.28
2022-06,2024-04,22,84728,0.938888,1341038.74,18410617944.02
2022-06,2024-05,23,84728,0.938888,1092850.5,18411710794.52
2022-06,2024-06,24,84728,0.938888,760987.87,18412471782.4
2022-07,2022-07,0,84071,0.915,5177284422.23,5177284422.23
2022-07,2022-08,1,84071,0.915,3389148087.98,8566432510.21
2022-07,2022-09,2,84071,0.915,2391290404.67,10957722914.88
2022-07,2022-10,3,84071,0.915,1850608353.45,12808331268.33
2022-07,2022-11,4,84071,0.915,1413306261.4,14221637529.73
2022-07,2022-12,5,84071,0.915,1244380551.9,15466018081.63
2022-07,2023-01,6,84071,0.915,866411254.88,16332429336.51
2022-07,2023-02,7,84071,0.915,605135635.75,16937564972.26
2022-07,2023-03,8,84071,0.915,470474452.27,17408039424.53
2022-07,2023-04,9,84071,0.915,360720153.95,17768759578.49
2022-07,2023-05,10,84071,0.915,248926495.19,18017686073.68
2022-07,2023-06,11,84071,0.915,199357878.18,18217043951.86
2022-07,2023-07,12,84071,0.915,115367630.55,18332411582.41
2022-07,2023-08,13,84071,0.915,69906456.49,18402318038.91
2022-07,2023-09,14,84071,0.915,44556514.71,18446874553.62
2022-07,2023-10,15,84071,0.915,35902707.25,18482777260.87
2022-07,2023-11,16,84071,0.915,21962715.41,18504739976.28
2022-07,2023-12,17,84071,0.915,13594888.61,18518334864.88
2022-07,2024-01,18,84071,0.915,9157181.42,18527492046.3
2022-07,2024-02,19,84071,0.915,5623947.7,18533115994.0
2022-07,2024-03,20,84071,0.915,3201215.64,18536317209.64
2022-07,2024-04,21,84071,0.915,2852340.75,18539169550.39
2022-07,2024-05,22,84071,0.915,1192202.07,18540361752.46
2022-07,2024-06,23,84071,0.915,938990.02,18541300742.47
2022-07,2024-07,24,84071,0.915,794484.99,18542095227.46
2022-08,2022-08,0,86581,0.913888,5773421595.52,5773421595.52
2022-08,2022-09,1,86581,0.913888,3397412006.03,9170833601.55
2022-08,2022-10,2,86581,0.913888,2694380187.35,11865213788.9
2022-08,2022-11,3,86581,0.913888,1919721560.1,13784935349.0
2022-08,2022-12,4,86581,0.913888,1690181888.14,15475117237.14
2022-08,2023-01,5,86581,0.913888,1232426730.92,16707543968.06
2022-08,2023-02,6,86581,0.913888,942822695.06,17650366663.12
2022-08,2023-03,7,86581,0.913888,693034417.4,18343401080.52
2022-08,2023-04,8,86581,0.913888,547831127.89,18891232208.4
2022-08,2023-05,9,86581,0.913888,385051914.05,19276284122.46
2022-08,2023-06,10,86581,0.913888,259412554.16,19535696676.62
2022-08,2023-07,11,86581,0.913888,161415566.57,19697112243.2
2022-08,2023-08,12,86581,0.913888,127869812.41,19824982055.6
2022-08,2023-09,13,86581,0.913888,86060484.98,19911042540.58
2022-08,2023-10,14,86581,0.913888,51568472.52,19962611013.1
2022-08,2023-11,15,86581,0.913888,35591762.01,19998202775.11
2022-08,2023-12,16,86581,0.913888,24845117.52,20023047892.63
2022-08,2024-01,17,86581,0.913888,15594144.9,20038642037.54
2022-08,2024-02,18,86581,0.913888,9571371.76,20048213409.3
2022-08,2024-03,19,86581,0.913888,5302747.18,20053516156.48
2022-08,2024-04,20,86581,0.913888,3112525.26,20056628681.75
2022-08,2024-05,21,86581,0.913888,2184940.94,20058813622.68
2022-08,2024-06,22,86581,0.913888,1497364.14,20060310986.83
2022-08,2024-07,23,86581,0.913888,938883.64,20061249870.46
2022-08,2024-08,24,86581,0.913888,717571.67,20061967442.13
2022-09,2022-09,0,86112,0.935849,5460088955.8,5460088955.8
2022-09,2022-10,1,86112,0.935849,3370074614.93,8830163570.73
2022-09,2022-11,2,86112,0.935849,2631643090.07,11461806660.8
2022-09,2022-12,3,86112,0.935849,1955262941.72,13417069602.52
2022-09,2023-01,4,86112,0.935849,1616025097.97,15033094700.49
2022-09,2023-02,5,86112,0.935849,1158135707.38,16191230407.86
2022-09,2023-03,6,86112,0.935849,959147073.68,17150377481.55
2022-09,2023-04,7,86112,0.935849,725764933.71,17876142415.25
2022-09,2023-05,8,86112,0.935849,514669790.63,18390812205.88
2022-09,2023-06,9,86112,0.935849,378891127.21,18769703333.09
2022-09,2023-07,10,86112,0.935849,280433168.35,19050136501.43
2022-09,2023-08,11,86112,0.935849,159351138.2,19209487639.64
2022-09,2023-09,12,86112,0.935849,127085282.71,19336572922.35
2022-09,2023-10,13,86112,0.935849,81557478.51,19418130400.86
2022-09,2023-11,14,86112,0.935849,48406019.26,19466536420.12
2022-09,2023-12,15,86112,0.935849,34527711.19,19501064131.31
2022-09,2024-01,16,86112,0.935849,20074683.13,19521138814.45
2022-09,2024-02,17,86112,0.935849,14449348.91,19535588163.36
2022-09,2024-03,18,86112,0.935849,9497460.96,19545085624.32
2022-09,2024-04,19,86112,0.935849,7394775.57,19552480399.89
2022-09,2024-05,20,86112,0.935849,3332661.59,19555813061.48
2022-09,2024-06,21,86112,0.935849,2701931.45,19558514992.93
2022-09,2024-07,22,86112,0.935849,1449825.77,19559964818.7
2022-09,2024-08,23,86112,0.935849,902855.44,19560867674.14
2022-09,2024-09,24,86112,0.935849,939336.76,19561807010.9
2022-10,2022-10,0,84680,0.975,5450935389.91,5450935389.91
2022-10,2022-11,1,84680,0.975,3477548950.8,8928484340.71
2022-10,2022-12,2,84680,0.975,2559606515.11,11488090855.82
2022-10,2023-01,3,84680,0.975,2125207962.06,13613298817.87
2022-10,2023-02,4,84680,0.975,1634715129.19,15248013947.06
2022-10,2023-03,5,84680,0.975,1188738902.14,16436752849.2
2022-10,2023-04,6,84680,0.975,998896394.56,17435649243.76
2022-10,2023-05,7,84680,0.975,730934596.97,18166583840.73
2022-10,2023-06,8,84680,0.975,629534408.34,18796118249.07
2022-10,2023-07,9,84680,0.975,402217209.21,19198335458.27
2022-10,2023-08,10,84680,0.975,304279685.36,19502615143.63
2022-10,2023-09,11,84680,0.975,168725073.8,19671340217.44
2022-10,2023-10,12,84680,0.975,144451640.33,19815791857.77
2022-10,2023-11,13,84680,0.975,72260682.54,19888052540.3
2022-10,2023-12,14,84680,0.975,55461660.53,19943514200.83
2022-10,2024-01,15,84680,0.975,39693990.6,19983208191.43
2022-10,2024-02,16,84680,0.975,23158664.7,20006366856.13
2022-10,2024-03,17,84680,0.975,14193350.71,20020560206.85
2022-10,2024-04,18,84680,0.975,8932735.72,20029492942.57
2022-10,2024-05,19,84680,0.975,5777791.54,20035270734.1
2022-10,2024-06,20,84680,0.975,3663562.64,20038934296.74
2022-10,2024-07,21,84680,0.975,2084479.48,20041018776.22
2022-10,2024-08,22,84680,0.975,1331675.48,20042350451.71
2022-10,2024-09,23,84680,0.975,941674.23,20043292125.94
2022-10,2024-10,24,84680,0.975,755058.58,20044047184.51
2022-11,2022-11,0,85157,1.020849,6064514562.08,6064514562.08
2022-11,2022-12,1,85157,1.020849,3772701391.91,9837215953.99
2022-11,2023-01,2,85157,1.020849,2738924912.09,12576140866.08
2022-11,2023-02,3,85157,1.020849,2145417229.16,14721558095.24
2022-11,2023-03,4,85157,1.020849,1779243230.06,16500801325.3
2022-11,2023-04,5,85157,1.020849,1365279733.14,17866081058.44
2022-11,2023-05,6,85157,1.020849,1018498489.77,18884579548.21
2022-11,2023-06,7,85157,1.020849,864689154.02,19749268702.23
2022-11,2023-07,8,85157,1.020849,573285015.55,20322553717.78
2022-11,2023-08,9,85157,1.020849,424734664.02,20747288381.8
2022-11,2023-09,10,85157,1.020849,310202302.57,21057490684.38
2022-11,2023-10,11,85157,1.020849,229023972.91,21286514657.29
2022-11,2023-11,12,85157,1.020849,126814259.52,21413328916.81
2022-11,2023-12,13,85157,1.020849,87719278.56,21501048195.37
2022-11,2024-01,14,85157,1.020849,59653409.43,21560701604.8
2022-11,2024-02,15,85157,1.020849,42645690.67,21603347295.47
2022-11,2024-03,16,85157,1.020849,25005156.91,21628352452.38
2022-11,2024-04,17,85157,1.020849,20340527.05,21648692979.42
2022-11,2024-05,18,85157,1.020849,9832801.11,21658525780.53
2022-11,2024-06,19,85157,1.020849,6301415.45,21664827195.98
2022-11,2024-07,20,85157,1.020849,3679035.35,21668506231.33
2022-11,2024-08,21,85157,1.020849,2613894.16,21671120125.49
2022-11,2024-09,22,85157,1.020849,1386910.68,21672507036.17
2022-11,2024-10,23,85157,1.020849,1193365.49,21673700401.65
2022-11,2024-11,24,85157,1.020849,914696.16,21674615097.81
2022-12,2022-12,0,86410,1.061112,6133820757.64,6133820757.64
2022-12,2023-01,1,86410,1.061112,3794105092.4,9927925850.04
2022-12,2023-02,2,86410,1.061112,2897827227.38,12825753077.42
2022-12,2023-03,3,86410,1.061112,2309452883.57,15135205960.99
2022-12,2023-04,4,86410,1.061112,1970640918.24,17105846879.23
2022-12,2023-05,5,86410,1.061112,1478645794.53,18584492673.75
2022-12,2023-06,6,86410,1.061112,1126334858.15,19710827531.9
2022-12,2023-07,7,86410,1.061112,853686439.3,20564513971.2
2022-12,2023-08,8,86410,1.061112,568261108.79,21132775079.99
2022-12,2023-09,9,86410,1.061112,471831358.25,21604606438.24
2022-12,2023-10,10,86410,1.061112,364599432.16,21969205870.4
2022-12,2023-11,11,86410,1.061112,205339313.96,22174545184.36
2022-12,2023-12,12,86410,1.061112,145095231.6,22319640415.96
2022-12,2024-01,13,86410,1.061112,107232802.85,22426873218.81
2022-12,2024-02,14,86410,1.061112,63874057.12,22490747275.93
2022-12,2024-03,15,86410,1.061112,35037797.04,22525785072.97
2022-12,2024-04,16,86410,1.061112,25499356.51,22551284429.48
2022-12,2024-05,17,86410,1.061112,17124653.86,22568409083.34
2022-12,2024-06,18,86410,1.061112,11038244.06,22579447327.4
2022-12,2024-07,19,86410,1.061112,6690944.49,22586138271.89
2022-12,2024-08,20,86410,1.061112,4056291.34,22590194563.23
2022-12,2024-09,21,86410,1.061112,2486148.58,22592680711.81
2022-12,2024-10,22,86410,1.061112,1743275.6,22594423987.41
2022-12,2024-11,23,86410,1.061112,1112025.63,22595536013.04
2022-12,2024-12,24,86410,1.061112,1009886.33,22596545899.38
2023-01,2023-01,0,87331,1.085,6315059299.3,6315059299.3
2023-01,2023-02,1,87331,1.085,3870395901.67,10185455200.97
2023-01,2023-03,2,87331,1.085,3110045816.46,13295501017.43
2023-01,2023-04,3,87331,1.085,2397990315.5,15693491332.93
2023-01,2023-05,4,87331,1.085,1994745758.35,17688237091.28
2023-01,2023-06,5,87331,1.085,1499144734.85,19187381826.13
2023-01,2023-07,6,87331,1.085,1225466234.38,20412848060.52
2023-01,2023-08,7,87331,1.085,931058672.48,21343906733.0
2023-01,2023-09,8,87331,1.085,629450110.66,21973356843.66
2023-01,2023-10,9,87331,1.085,533702129.05,22507058972.71
2023-01,2023-11,10,87331,1.085,299409817.14,22806468789.85
2023-01,2023-12,11,87331,1.085,258198670.69,23064667460.54
2023-01,2024-01,12,87331,1.085,172339031.83,23237006492.38
2023-01,2024-02,13,87331,1.085,102087472.21,23339093964.59
2023-01,2024-03,14,87331,1.085,71688764.55,23410782729.13
2023-01,2024-04,15,87331,1.085,41119037.48,23451901766.61
2023-01,2024-05,16,87331,1.085,34064651.59,23485966418.21
2023-01,2024-06,17,87331,1.085,15598940.55,23501565358.76
2023-01,2024-07,18,87331,1.085,11419982.08,23512985340.83
2023-01,2024-08,19,87331,1.085,5876189.98,23518861530.81
2023-01,2024-09,20,87331,1.085,3567255.44,23522428786.25
2023-01,2024-10,21,87331,1.085,2782962.72,23525211748.97
2023-01,2024-11,22,87331,1.085,1783582.6,23526995331.58
2023-01,2024-12,23,87331,1.085,1005292.82,23528000624.4
2023-01,2025-01,24,87331,1.085,1155142.79,23529155767.19
2023-02,2023-02,0,85551,1.086112,6064166793.45,6064166793.45
2023-02,2023-03,1,85551,1.086112,3723796980.57,9787963774.03
2023-02,2023-04,2,85551,1.086112,2749093102.88,12537056876.91
2023-02,2023-05,3,85551,1.086112,2194509700.48,14731566577.38
2023-02,2023-06,4,85551,1.086112,1785331532.12,16516898109.51
2023-02,2023-07,5,85551,1.086112,1271910197.03,17788808306.53
2023-02,2023-08,6,85551,1.086112,1002478635.04,18791286941.57
2023-02,2023-09,7,85551,1.086112,735636952.64,19526923894.21
2023-02,2023-10,8,85551,1.086112,616936622.69,20143860516.91
2023-02,2023-11,9,85551,1.086112,438607061.16,20582467578.06
2023-02,2023-12,10,85551,1.086112,313529710.41,20895997288.48
2023-02,2024-01,11,85551,1.086112,199752548.99,21095749837.46
2023-02,2024-02,12,85551,1.086112,156604471.52,21252354308.99
2023-02,2024-03,13,85551,1.086112,98880326.07,21351234635.06
2023-02,2024-04,14,85551,1.086112,59978274.74,21411212909.8
2023-02,2024-05,15,85551,1.086112,38596065.44,21449808975.24
2023-02,2024-06,16,85551,1.086112,28779751.54,21478588726.79
2023-02,2024-07,17,85551,1.086112,15521919.51,21494110646.3
2023-02,2024-08,18,85551,1.086112,9908904.05,21504019550.35
2023-02,2024-09,19,85551,1.086112,6758680.81,21510778231.16
2023-02,2024-10,20,85551,1.086112,3668631.63,21514446862.8
2023-02,2024-11,21,85551,1.086112,2382777.09,21516829639.89
2023-02,2024-12,22,85551,1.086112,1482037.24,21518311677.13
2023-02,2025-01,23,85551,1.086112,902139.64,21519213816.76
2023-02,2025-02,24,85551,1.086112,1171405.29,21520385222.06
2023-03,2023-03,0,86152,1.064151,6214824632.06,6214824632.06
2023-03,2023-04,1,86152,1.064151,3936127971.67,10150952603.74
2023-03,2023-05,2,86152,1.064151,3012165527.39,13163118131.13
2023-03,2023-06,3,86152,1.064151,2283670843.94,15446788975.07
2023-03,2023-07,4,86152,1.064151,1791634525.49,17238423500.56
2023-03,2023-08,5,86152,1.064151,1359934685.64,18598358186.21
2023-03,2023-09,6,86152,1.064151,1211422522.71,19809780708.92
2023-03,2023-10,7,86152,1.064151,784067080.91,20593847789.83
2023-03,2023-11,8,86152,1.064151,575403780.35,21169251570.18
2023-03,2023-12,9,86152,1.064151,475866550.52,21645118120.7
2023-03,2024-01,10,86152,1.064151,306500965.48,21951619086.17
2023-03,2024-02,11,86152,1.064151,227721497.21,22179340583.38
2023-03,2024-03,12,86152,1.064151,142895335.27,22322235918.65
2023-03,2024-04,13,86152,1.064151,101191734.06,22423427652.71
2023-03,2024-05,14,86152,1.064151,63535285.0,22486962937.71
2023-03,2024-06,15,86152,1.064151,41738749.73,22528701687.44
2023-03,2024-07,16,86152,1.064151,26647739.7,22555349427.14
2023-03,2024-08,17,86152,1.064151,16861205.39,22572210632.54
2023-03,2024-09,18,86152,1.064151,9561231.27,22581771863.81
2023-03,2024-10,19,86152,1.064151,5615500.23,22587387364.04
2023-03,2024-11,20,86152,1.064151,4068303.91,22591455667.95
2023-03,2024-12,21,86152,1.064151,2810311.52,22594265979.47
2023-03,2025-01,22,86152,1.064151,1423254.95,22595689234.42
2023-03,2025-02,23,86152,1.064151,1325950.19,22597015184.61
2023-03,2025-03,24,86152,1.064151,860295.83,22597875480.45
2023-04,2023-04,0,87485,1.025,6370124691.86,6370124691.86
2023-04,2023-05,1,87485,1.025,3824285084.9,10194409776.77
2023-04,2023-06,2,87485,1.025,2670509696.66,12864919473.43
2023-04,2023-07,3,87485,1.025,2368357116.48,15233276589.91
2023-04,2023-08,4,87485,1.025,1754382881.73,16987659471.64
2023-04,2023-09,5,87485,1.025,1295888909.91,18283548381.55
2023-04,2023-10,6,87485,1.025,1029620786.64,19313169168.19
2023-04,2023-11,7,87485,1.025,885648680.48,20198817848.67
2023-04,2023-12,8,87485,1.025,500516712.41,20699334561.08
2023-04,2024-01,9,87485,1.025,415362929.09,21114697490.16
2023-04,2024-02,10,87485,1.025,260322671.37,21375020161.54
2023-04,2024-03,11,87485,1.025,220690572.58,21595710734.12
2023-04,2024-04,12,87485,1.025,141293706.43,21737004440.55
2023-04,2024-05,13,87485,1.025,93079248.79,21830083689.34
2023-04,2024-06,14,87485,1.025,61674735.06,21891758424.4
2023-04,2024-07,15,87485,1.025,40013698.86,21931772123.26
2023-04,2024-08,16,87485,1.025,25693846.19,21957465969.46
2023-04,2024-09,17,87485,1.025,20044909.05,21977510878.5
2023-04,2024-10,18,87485,1.025,10532107.56,21988042986.06
2023-04,2024-11,19,87485,1.025,7660968.16,21995703954.23
2023-04,2024-12,20,87485,1.025,3764951.87,21999468906.1
2023-04,2025-01,21,87485,1.025,3093553.14,22002562459.24
2023-04,2025-02,22,87485,1.025,1873806.16,22004436265.39
2023-04,2025-03,23,87485,1.025,1196816.1,22005633081.49
2023-04,2025-04,24,87485,1.025,748268.34,22006381349.83
2023-05,2023-05,0,88224,0.979151,5874997285.71,5874997285.71
2023-05,2023-06,1,88224,0.979151,3962268928.31,9837266214.02
2023-05,2023-07,2,88224,0.979151,2889032188.36,12726298402.38
2023-05,2023-08,3,88224,0.979151,2234297669.24,14960596071.62
2023-05,2023-09,4,88224,0.979151,1725993966.99,16686590038.61
2023-05,2023-10,5,88224,0.979151,1456385223.62,18142975262.23
2023-05,2023-11,6,88224,0.979151,1166295427.84,19309270690.07
2023-05,2023-12,7,88224,0.979151,849939710.04,20159210400.11
2023-05,2024-01,8,88224,0.979151,616626350.64,20775836750.76
2023-05,2024-02,9,88224,0.979151,461061483.86,21236898234.61
2023-05,2024-03,10,88224,0.979151,358870651.46,21595768886.07
2023-05,2024-04,11,88224,0.979151,206325416.3,21802094302.37
2023-05,2024-05,12,88224,0.979151,154018819.81,21956113122.19
2023-05,2024-06,13,88224,0.979151,97551067.0,22053664189.18
2023-05,2024-07,14,88224,0.979151,62052903.96,22115717093.15
2023-05,2024-08,15,88224,0.979151,39217984.52,22154935077.66
2023-05,2024-09,16,88224,0.979151,28573627.71,22183508705.38
2023-05,2024-10,17,88224,0.979151,17557406.41,22201066111.79
2023-05,2024-11,18,88224,0.979151,9783996.19,22210850107.98
2023-05,2024-12,19,88224,0.979151,5754669.18,22216604777.16
2023-05,2025-01,20,88224,0.979151,3426690.27,22220031467.43
2023-05,2025-02,21,88224,0.979151,2677486.62,22222708954.05
2023-05,2025-03,22,88224,0.979151,1388459.53,22224097413.58
2023-05,2025-04,23,88224,0.979151,1128139.06,22225225552.64
2023-05,2025-05,24,88224,0.979151,860908.66,22226086461.3
2023-06,2023-06,0,87861,0.938888,5672387889.13,5672387889.13
2023-06,2023-07,1,87861,0.938888,3796401506.36,9468789395.49
2023-06,2023-08,2,87861,0.938888,2497248496.55,11966037892.03
2023-06,2023-09,3,87861,0.938888,2149021860.94,14115059752.97
2023-06,2023-10,4,87861,0.938888,1590286032.08,15705345785.06
2023-06,2023-11,5,87861,0.938888,1346500528.62,17051846313.68
2023-06,2023-12,6,87861,0.938888,981399173.26,18033245486.93
2023-06,2024-01,7,87861,0.938888,723738347.71,18756983834.65
2023-06,2024-02,8,87861,0.938888,571897346.29,19328881180.93
2023-06,2024-03,9,87861,0.938888,399778723.48,19728659904.42
2023-06,2024-04,10,87861,0.938888,337664710.06,20066324614.48
2023-06,2024-05,11,87861,0.938888,182310693.18,20248635307.66
2023-06,2024-06,12,87861,0.938888,149791241.27,20398426548.94
2023-06,2024-07,13,87861,0.938888,88594218.18,20487020767.12
2023-06,2024-08,14,87861,0.938888,63707284.58,20550728051.7
2023-06,2024-09,15,87861,0.938888,33607521.36,20584335573.05
2023-06,2024-10,16,87861,0.938888,27076462.5,20611412035.55
2023-06,2024-11,17,87861,0.938888,16071651.15,20627483686.7
2023-06,2024-12,18,87861,0.938888,11080164.89,20638563851.59
2023-06,2025-01,19,87861,0.938888,5190422.2,20643754273.79
2023-06,2025-02,20,87861,0.938888,3815051.78,20647569325.57
2023-06,2025-03,21,87861,0.938888,2182324.21,20649751649.78
2023-06,2025-04,22,87861,0.938888,1233177.67,20650984827.45
2023-06,2025-05,23,87861,0.938888,766111.22,20651750938.67
2023-06,2025-06,24,87861,0.938888,773563.05,20652524501.72
2023-07,2023-07,0,86815,0.915,5408262573.19,5408262573.19
2023-07,2023-08,1,86815,0.915,3503677062.29,8911939635.48
2023-07,2023-09,2,86815,0.915,2566015391.99,11477955027.47
2023-07,2023-10,3,86815,0.915,1876447781.72,13354402809.19
2023-07,2023-11,4,86815,0.915,1558829881.11,14913232690.3
2023-07,2023-12,5,86815,0.915,1261830073.07,16175062763.37
2023-07,2024-01,6,86815,0.915,843450692.29,17018513455.66
2023-07,2024-02,7,86815,0.915,673201185.8,17691714641.47
2023-07,2024-03,8,86815,0.915,521010002.24,18212724643.71
2023-07,2024-04,9,86815,0.915,399691905.36,18612416549.07
2023-07,2024-05,10,86815,0.915,279278989.9,18891695538.97
2023-07,2024-06,11,86815,0.915,165441614.23,19057137153.2
2023-07,2024-07,12,86815,0.915,126889959.87,19184027113.07
2023-07,2024-08,13,86815,0.915,78243946.4,19262271059.47
2023-07,2024-09,14,86815,0.915,52556789.25,19314827848.72
2023-07,2024-10,15,86815,0.915,30764759.72,19345592608.45
2023-07,2024-11,16,86815,0.915,20076855.82,19365669464.26
2023-07,2024-12,17,86815,0.915,16966281.12,19382635745.38
2023-07,2025-01,18,86815,0.915,8927170.77,19391562916.15
2023-07,2025-02,19,86815,0.915,5849409.37,19397412325.53
2023-07,2025-03,20,86815,0.915,3025638.65,19400437964.17
2023-07,2025-04,21,86815,0.915,2216185.91,19402654150.08
2023-07,2025-05,22,86815,0.915,1451426.77,19404105576.85
2023-07,2025-06,23,86815,0.915,853964.86,19404959541.72
2023-07,2025-07,24,86815,0.915,812756.42,19405772298.14
2023-08,2023-08,0,88516,0.913888,5625690658.13,5625690658.13
2023-08,2023-09,1,88516,0.913888,3551205310.75,9176895968.88
2023-08,2023-10,2,88516,0.913888,2679337808.6,11856233777.48
2023-08,2023-11,3,88516,0.913888,2144045603.78,14000279381.26
2023-08,2023-12,4,88516,0.913888,1713427787.59,15713707168.85
2023-08,2024-01,5,88516,0.913888,1346600044.05,17060307212.9
2023-08,2024-02,6,88516,0.913888,1039989669.71,18100296882.6
2023-08,2024-03,7,88516,0.913888,739998263.07,18840295145.67
2023-08,2024-04,8,88516,0.913888,503138020.62,19343433166.29
2023-08,2024-05,9,88516,0.913888,438453073.55,19781886239.85
2023-08,2024-06,10,88516,0.913888,260843212.4,20042729452.25
2023-08,2024-07,11,88516,0.913888,204002307.24,20246731759.49
2023-08,2024-08,12,88516,0.913888,135206424.82,20381938184.31
2023-08,2024-09,13,88516,0.913888,88115440.1,20470053624.41
2023-08,2024-10,14,88516,0.913888,64102868.91,20534156493.33
2023-08,2024-11,15,88516,0.913888,37798525.4,20571955018.73
2023-08,2024-12,16,88516,0.913888,23513558.24,20595468576.97
2023-08,2025-01,17,88516,0.913888,15047216.15,20610515793.12
2023-08,2025-02,18,88516,0.913888,10877423.42,20621393216.54
2023-08,2025-03,19,88516,0.913888,6750915.39,20628144131.92
2023-08,2025-04,20,88516,0.913888,4004872.33,20632149004.25
2023-08,2025-05,21,88516,0.913888,2278563.81,20634427568.07
2023-08,2025-06,22,88516,0.913888,1420910.25,20635848478.32
2023-08,2025-07,23,88516,0.913888,1173040.09,20637021518.41
2023-08,2025-08,24,88516,0.913888,679258.5,20637700776.91
2023-09,2023-09,0,88956,0.935849,5800750286.25,5800750286.25
2023-09,2023-10,1,88956,0.935849,3712596375.58,9513346661.83
2023-09,2023-11,2,88956,0.935849,2830378560.08,12343725221.91
2023-09,2023-12,3,88956,0.935849,2068979308.98,14412704530.9
2023-09,2024-01,4,88956,0.935849,1721102640.5,16133807171.4
2023-09,2024-02,5,88956,0.935849,1382192519.78,17515999691.18
2023-09,2024-03,6,88956,0.935849,910775243.32,18426774934.5
2023-09,2024-04,7,88956,0.935849,806826299.54,19233601234.04
2023-09,2024-05,8,88956,0.935849,574477130.53,19808078364.57
2023-09,2024-06,9,88956,0.935849,444131150.84,20252209515.41
2023-09,2024-07,10,88956,0.935849,297893287.17,20550102802.59
2023-09,2024-08,11,88956,0.935849,202539314.58,20752642117.17
2023-09,2024-09,12,88956,0.935849,136847762.83,20889489879.99
2023-09,2024-10,13,88956,0.935849,82059435.46,20971549315.45
2023-09,2024-11,14,88956,0.935849,63482355.42,21035031670.87
2023-09,2024-12,15,88956,0.935849,36650752.13,21071682423.0
2023-09,2025-01,16,88956,0.935849,27341453.52,21099023876.53
2023-09,2025-02,17,88956,0.935849,16183126.38,21115207002.91
2023-09,2025-03,18,88956,0.935849,8779223.72,21123986226.63
2023-09,2025-04,19,88956,0.935849,6599058.52,21130585285.15
2023-09,2025-05,20,88956,0.935849,3916278.24,21134501563.4
2023-09,2025-06,21,88956,0.935849,2341411.63,21136842975.03
2023-09,2025-07,22,88956,0.935849,1383156.24,21138226131.27
2023-09,2025-08,23,88956,0.935849,1039291.13,21139265422.41
2023-09,2025-09,24,88956,0.935849,770612.86,21140036035.27
2023-10,2023-10,0,88392,0.975,6278300470.56,6278300470.56
2023-10,2023-11,1,88392,0.975,3815976113.24,10094276583.8
2023-10,2023-12,2,88392,0.975,2942340105.26,13036616689.06
2023-10,2024-01,3,88392,0.975,2217698127.42,15254314816.48
2023-10,2024-02,4,88392,0.975,1720154718.01,16974469534.48
2023-10,2024-03,5,88392,0.975,1315405634.26,18289875168.75
2023-10,2024-04,6,88392,0.975,1134807617.41,19424682786.16
2023-10,2024-05,7,88392,0.975,830558646.74,20255241432.9
2023-10,2024-06,8,88392,0.975,605357042.91,20860598475.81
2023-10,2024-07,9,88392,0.975,429882491.78,21290480967.59
2023-10,2024-08,10,88392,0.975,282922766.23,21573403733.82
2023-10,2024-09,11,88392,0.975,192761762.42,21766165496.24
2023-10,2024-10,12,88392,0.975,154315410.79,21920480907.03
2023-10,2024-11,13,88392,0.975,88159643.03,22008640550.06
2023-10,2024-12,14,88392,0.975,61736155.83,22070376705.89
2023-10,2025-01,15,88392,0.975,47746704.89,22118123410.79
2023-10,2025-02,16,88392,0.975,30254596.86,22148378007.65
2023-10,2025-03,17,88392,0.975,19682404.01,22168060411.66
2023-10,2025-04,18,88392,0.975,8833741.91,22176894153.57
2023-10,2025-05,19,88392,0.975,6955626.27,22183849779.84
2023-10,2025-06,20,88392,0.975,3550050.26,22187399830.1
2023-10,2025-07,21,88392,0.975,2885330.85,22190285160.95
2023-10,2025-08,22,88392,0.975,1468120.12,22191753281.07
2023-10,2025-09,23,88392,0.975,1056457.45,22192809738.52
2023-10,2025-10,24,88392,0.975,746090.42,22193555828.94
2023-11,2023-11,0,89014,1.020849,6914262876.97,6914262876.97
2023-11,2023-12,1,89014,1.020849,4308086060.86,11222348937.84
2023-11,2024-01,2,89014,1.020849,2968554418.49,14190903356.33
2023-11,2024-02,3,89014,1.020849,2353636781.75,16544540138.08
2023-11,2024-03,4,89014,1.020849,2186574276.63,18731114414.71
2023-11,2024-04,5,89014,1.020849,1572370168.62,20303484583.33
2023-11,2024-05,6,89014,1.020849,1192953085.59,21496437668.92
2023-11,2024-06,7,89014,1.020849,944252531.2,22440690200.12
2023-11,2024-07,8,89014,1.020849,634782871.43,23075473071.55
2023-11,2024-08,9,89014,1.020849,458471291.16,23533944362.71
2023-11,2024-09,10,89014,1.020849,352898111.99,23886842474.7
2023-11,2024-10,11,89014,1.020849,192303406.55,24079145881.25
2023-11,2024-11,12,89014,1.020849,171608136.12,24250754017.37
2023-11,2024-12,13,89014,1.020849,122150928.2,24372904945.57
2023-11,2025-01,14,89014,1.020849,62021918.82,24434926864.39
2023-11,2025-02,15,89014,1.020849,40130720.53,24475057584.92
2023-11,2025-03,16,89014,1.020849,27185798.39,24502243383.32
2023-11,2025-04,17,89014,1.020849,21539794.71,24523783178.02
2023-11,2025-05,18,89014,1.020849,10435554.78,24534218732.81
2023-11,2025-06,19,89014,1.020849,6644865.68,24540863598.49
2023-11,2025-07,20,89014,1.020849,4145872.88,24545009471.37
2023-11,2025-08,21,89014,1.020849,3050397.8,24548059869.16
2023-11,2025-09,22,89014,1.020849,1661747.34,24549721616.51
2023-11,2025-10,23,89014,1.020849,1280640.75,24551002257.26
2023-11,2025-11,24,89014,1.020849,855125.96,24551857383.22
2023-12,2023-12,0,87839,1.061112,6713811809.32,6713811809.32
2023-12,2024-01,1,87839,1.061112,4292439415.94,11006251225.26
2023-12,2024-02,2,87839,1.061112,3271009573.06,14277260798.32
2023-12,2024-03,3,87839,1.061112,2335311559.94,16612572358.26
2023-12,2024-04,4,87839,1.061112,1761589377.66,18374161735.92
2023-12,2024-05,5,87839,1.061112,1512924131.22,19887085867.13
2023-12,2024-06,6,87839,1.061112,1146885428.94,21033971296.07
2023-12,2024-07,7,87839,1.061112,905028088.38,21938999384.45
2023-12,2024-08,8,87839,1.061112,689416414.61,22628415799.06
2023-12,2024-09,9,87839,1.061112,500487555.94,23128903354.99
2023-12,2024-10,10,87839,1.061112,344882711.04,23473786066.03
2023-12,2024-11,11,87839,1.061112,205155815.04,23678941881.07
2023-12,2024-12,12,87839,1.061112,125833038.52,23804774919.59
2023-12,2025-01,13,87839,1.061112,112321448.68,23917096368.27
2023-12,2025-02,14,87839,1.061112,68801232.07,23985897600.34
2023-12,2025-03,15,87839,1.061112,41825854.57,24027723454.91
2023-12,2025-04,16,87839,1.061112,28100538.05,24055823992.96
2023-12,2025-05,17,87839,1.061112,23291006.71,24079114999.67
2023-12,2025-06,18,87839,1.061112,9911125.98,24089026125.65
2023-12,2025-07,19,87839,1.061112,5853335.81,24094879461.46
2023-12,2025-08,20,87839,1.061112,3909709.19,24098789170.65
2023-12,2025-09,21,87839,1.061112,2744693.02,24101533863.67
2023-12,2025-10,22,87839,1.061112,1770742.79,24103304606.46
2023-12,2025-11,23,87839,1.061112,1120373.57,24104424980.03
2023-12,2025-12,24,87839,1.061112,776747.2,24105201727.23
2024-01,2024-01,0,87467,1.085,7259282520.88,7259282520.88
2024-01,2024-02,1,87467,1.085,4336087952.32,11595370473.21
2024-01,2024-03,2,87467,1.085,3392448774.85,14987819248.05
2024-01,2024-04,3,87467,1.085,2322364038.46,17310183286.51
2024-01,2024-05,4,87467,1.085,2037842563.68,19348025850.19
2024-01,2024-06,5,87467,1.085,1560231073.32,20908256923.51
2024-01,2024-07,6,87467,1.085,1220560037.65,22128816961.16
2024-01,2024-08,7,87467,1.085,969094120.66,23097911081.82
2024-01,2024-09,8,87467,1.085,681834184.08,23779745265.9
2024-01,2024-10,9,87467,1.085,520514796.47,24300260062.36
2024-01,2024-11,10,87467,1.085,334328866.08,24634588928.45
2024-01,2024-12,11,87467,1.085,224252209.73,24858841138.17
2024-01,2025-01,12,87467,1.085,174996580.12,25033837718.29
2024-01,2025-02,13,87467,1.085,95566595.18,25129404313.47
2024-01,2025-03,14,87467,1.085,73465919.6,25202870233.07
2024-01,2025-04,15,87467,1.085,37291372.64,25240161605.7
2024-01,2025-05,16,87467,1.085,35320360.95,25275481966.66
2024-01,2025-06,17,87467,1.085,17640106.94,25293122073.6
2024-01,2025-07,18,87467,1.085,9414298.07,25302536371.67
2024-01,2025-08,19,87467,1.085,7516627.9,25310052999.58
2024-01,2025-09,20,87467,1.085,4020665.63,25314073665.21
2024-01,2025-10,21,87467,1.085,2809208.74,25316882873.95
2024-01,2025-11,22,87467,1.085,1943572.52,25318826446.48
2024-01,2025-12,23,87467,1.085,1128326.09,25319954772.57
2024-02,2024-02,0,89907,1.086112,7135923606.57,7135923606.57
2024-02,2024-03,1,89907,1.086112,4762776315.4,11898699921.96
2024-02,2024-04,2,89907,1.086112,3422346040.34,15321045962.3
2024-02,2024-05,3,89907,1.086112,2585101252.15,17906147214.46
2024-02,2024-06,4,89907,1.086112,1963748995.43,19869896209.89
2024-02,2024-07,5,89907,1.086112,1554333551.05,21424229760.94
2024-02,2024-08,6,89907,1.086112,1216764347.49,22640994108.43
2024-02,2024-09,7,89907,1.086112,934362122.5,23575356230.93
2024-02,2024-10,8,89907,1.086112,700922808.85,24276279039.78
2024-02,2024-11,9,89907,1.086112,604798563.51,24881077603.29
2024-02,2024-12,10,89907,1.086112,385936635.51,25267014238.8
2024-02,2025-01,11,89907,1.086112,255099761.43,25522114000.23
2024-02,2025-02,12,89907,1.086112,159418572.11,25681532572.34
2024-02,2025-03,13,89907,1.086112,118619726.81,25800152299.15
2024-02,2025-04,14,89907,1.086112,72793338.44,25872945637.59
2024-02,2025-05,15,89907,1.086112,46662420.7,25919608058.29
2024-02,2025-06,16,89907,1.086112,31635712.49,25951243770.78
2024-02,2025-07,17,89907,1.086112,23276191.83,25974519962.61
2024-02,2025-08,18,89907,1.086112,12616316.04,25987136278.65
2024-02,2025-09,19,89907,1.086112,7532612.32,25994668890.97
2024-02,2025-10,20,89907,1.086112,3641825.56,25998310716.53
2024-02,2025-11,21,89907,1.086112,2958367.19,26001269083.72
2024-02,2025-12,22,89907,1.086112,2104705.02,26003373788.75
2024-03,2024-03,0,87974,1.064151,6355832416.53,6355832416.53
2024-03,2024-04,1,87974,1.064151,4321721275.9,10677553692.43
2024-03,2024-05,2,87974,1.064151,3223246725.97,13900800418.39
2024-03,2024-06,3,87974,1.064151,2745903859.25,16646704277.64
2024-03,2024-07,4,87974,1.064151,2115289687.4,18761993965.04
2024-03,2024-08,5,87974,1.064151,1484944778.78,20246938743.82
2024-03,2024-09,6,87974,1.064151,1308157059.12,21555095802.94
2024-03,2024-10,7,87974,1.064151,838724382.51,22393820185.45
2024-03,2024-11,8,87974,1.064151,707586644.46,23101406829.91
2024-03,2024-12,9,87974,1.064151,607768050.01,23709174879.93
2024-03,2025-01,10,87974,1.064151,334958000.42,24044132880.34
2024-03,2025-02,11,87974,1.064151,208853316.54,24252986196.88
2024-03,2025-03,12,87974,1.064151,157607001.55,24410593198.43
2024-03,2025-04,13,87974,1.064151,116290566.19,24526883764.62
2024-03,2025-05,14,87974,1.064151,83765675.3,24610649439.92
2024-03,2025-06,15,87974,1.064151,45086943.88,24655736383.8
2024-03,2025-07,16,87974,1.064151,31654890.96,24687391274.76
2024-03,2025-08,17,87974,1.064151,19417401.38,24706808676.14
2024-03,2025-09,18,87974,1.064151,11439231.74,24718247907.88
2024-03,2025-10,19,87974,1.064151,8555835.25,24726803743.13
2024-03,2025-11,20,87974,1.064151,4516949.72,24731320692.85
2024-03,2025-12,21,87974,1.064151,2507590.94,24733828283.79
2024-04,2024-04,0,89969,1.025,6907795137.96,6907795137.96
2024-04,2024-05,1,89969,1.025,4568166087.23,11475961225.18
2024-04,2024-06,2,89969,1.025,3433262402.13,14909223627.31
2024-04,2024-07,3,89969,1.025,2488740896.11,17397964523.42
2024-04,2024-08,4,89969,1.025,1915498539.29,19313463062.71
2024-04,2024-09,5,89969,1.025,1663948695.34,20977411758.05
2024-04,2024-10,6,89969,1.025,1139744413.49,22117156171.54
2024-04,2024-11,7,89969,1.025,969532123.04,23086688294.58
2024-04,2024-12,8,89969,1.025,710503106.09,23797191400.67
2024-04,2025-01,9,89969,1.025,573565122.79,24370756523.46
2024-04,2025-02,10,89969,1.025,375093985.44,24745850508.9
2024-04,2025-03,11,89969,1.025,221924097.66,24967774606.56
2024-04,2025-04,12,89969,1.025,170897058.77,25138671665.34
2024-04,2025-05,13,89969,1.025,101052420.2,25239724085.53
2024-04,2025-06,14,89969,1.025,75127173.01,25314851258.54
2024-04,2025-07,15,89969,1.025,54484449.25,25369335707.79
2024-04,2025-08,16,89969,1.025,32071393.0,25401407100.79
2024-04,2025-09,17,89969,1.025,20559025.38,25421966126.18
2024-04,2025-10,18,89969,1.025,10024224.97,25431990351.14
2024-04,2025-11,19,89969,1.025,7679214.32,25439669565.47
2024-04,2025-12,20,89969,1.025,3837462.99,25443507028.46
2024-05,2024-05,0,90798,0.979151,6357368074.18,6357368074.18
2024-05,2024-06,1,90798,0.979151,4047719833.1,10405087907.28
2024-05,2024-07,2,90798,0.979151,2950120495.05,13355208402.33
2024-05,2024-08,3,90798,0.979151,2369691028.71,15724899431.04
2024-05,2024-09,4,90798,0.979151,1862213536.92,17587112967.96
2024-05,2024-10,5,90798,0.979151,1436854860.41,19023967828.37
2024-05,2024-11,6,90798,0.979151,1179351150.91,20203318979.28
2024-05,2024-12,7,90798,0.979151,792498770.5,20995817749.78
2024-05,2025-01,8,90798,0.979151,620100763.24,21615918513.03
2024-05,2025-02,9,90798,0.979151,453703209.84,22069621722.87
2024-05,2025-03,10,90798,0.979151,362608452.69,22432230175.56
2024-05,2025-04,11,90798,0.979151,250953314.82,22683183490.38
2024-05,2025-05,12,90798,0.979151,169450183.99,22852633674.37
2024-05,2025-06,13,90798,0.979151,94728287.19,22947361961.56
2024-05,2025-07,14,90798,0.979151,58060901.61,23005422863.17
2024-05,2025-08,15,90798,0.979151,39850419.24,23045273282.41
2024-05,2025-09,16,90798,0.979151,27809754.88,23073083037.29
2024-05,2025-10,17,90798,0.979151,15734421.32,23088817458.6
2024-05,2025-11,18,90798,0.979151,9171699.74,23097989158.35
2024-05,2025-12,19,90798,0.979151,6157073.38,23104146231.72
2024-06,2024-06,0,88433,0.938888,6407146937.62,6407146937.62
2024-06,2024-07,1,88433,0.938888,3761406018.28,10168552955.9
2024-06,2024-08,2,88433,0.938888,2935527108.51,13104080064.41
2024-06,2024-09,3,88433,0.938888,2145237636.69,15249317701.11
2024-06,2024-10,4,88433,0.938888,1830905941.81,17080223642.92
2024-06,2024-11,5,88433,0.938888,1452606800.6,18532830443.52
2024-06,2024-12,6,88433,0.938888,1036254843.01,19569085286.53
2024-06,2025-01,7,88433,0.938888,811851859.85,20380937146.38
2024-06,2025-02,8,88433,0.938888,658113184.52,21039050330.91
2024-06,2025-03,9,88433,0.938888,443391171.84,21482441502.75
2024-06,2025-04,10,88433,0.938888,349630148.56,21832071651.31
2024-06,2025-05,11,88433,0.938888,187374866.11,22019446517.42
2024-06,2025-06,12,88433,0.938888,154613953.26,22174060470.67
2024-06,2025-07,13,88433,0.938888,112191195.63,22286251666.3
2024-06,2025-08,14,88433,0.938888,73114494.65,22359366160.95
2024-06,2025-09,15,88433,0.938888,41287229.29,22400653390.24
2024-06,2025-10,16,88433,0.938888,30544567.13,22431197957.37
2024-06,2025-11,17,88433,0.938888,17184822.76,22448382780.13
2024-06,2025-12,18,88433,0.938888,10781820.36,22459164600.49
2024-07,2024-07,0,90240,0.915,5953895493.34,5953895493.34
2024-07,2024-08,1,90240,0.915,3873648005.51,9827543498.85
2024-07,2024-09,2,90240,0.915,2987870705.59,12815414204.44
2024-07,2024-10,3,90240,0.915,2370942592.92,15186356797.36
2024-07,2024-11,4,90240,0.915,1911882897.9,17098239695.26
2024-07,2024-12,5,90240,0.915,1361494389.77,18459734085.03
2024-07,2025-01,6,90240,0.915,1056182116.02,19515916201.05
2024-07,2025-02,7,90240,0.915,760469804.77,20276386005.83
2024-07,2025-03,8,90240,0.915,652472328.18,20928858334.0
2024-07,2025-04,9,90240,0.915,480749937.35,21409608271.35
2024-07,2025-05,10,90240,0.915,323031736.91,21732640008.26
2024-07,2025-06,11,90240,0.915,226611358.49,21959251366.75
2024-07,2025-07,12,90240,0.915,146262853.28,22105514220.03
2024-07,2025-08,13,90240,0.915,104614303.78,22210128523.81
2024-07,2025-09,14,90240,0.915,56743602.9,22266872126.71
2024-07,2025-10,15,90240,0.915,37491681.96,22304363808.67
2024-07,2025-11,16,90240,0.915,24539590.29,22328903398.97
2024-07,2025-12,17,90240,0.915,18070217.6,22346973616.57
2024-08,2024-08,0,89558,0.913888,6265771781.43,6265771781.43
2024-08,2024-09,1,89558,0.913888,4104963864.26,10370735645.69
2024-08,2024-10,2,89558,0.913888,2693132019.48,13063867665.17
2024-08,2024-11,3,89558,0.913888,2305949146.48,15369816811.65
2024-08,2024-12,4,89558,0.913888,1783031082.01,17152847893.66
2024-08,2025-01,5,89558,0.913888,1302536575.77,18455384469.43
2024-08,2025-02,6,89558,0.913888,980466497.31,19435850966.74
2024-08,2025-03,7,89558,0.913888,789222649.16,20225073615.89
2024-08,2025-04,8,89558,0.913888,545623176.08,20770696791.97
2024-08,2025-05,9,89558,0.913888,407290229.75,21177987021.73
2024-08,2025-06,10,89558,0.913888,283361042.56,21461348064.29
2024-08,2025-07,11,89558,0.913888,227461568.85,21688809633.14
2024-08,2025-08,12,89558,0.913888,144324860.5,21833134493.64
2024-08,2025-09,13,89558,0.913888,92553380.37,21925687874.01
2024-08,2025-10,14,89558,0.913888,57950077.4,21983637951.42
2024-08,2025-11,15,89558,0.913888,38292128.43,22021930079.85
2024-08,2025-12,16,89558,0.913888,23718638.26,22045648718.11
2024-09,2024-09,0,90284,0.935849,6488261055.62,6488261055.62
2024-09,2024-10,1,90284,0.935849,4025984320.1,10514245375.73
2024-09,2024-11,2,90284,0.935849,3032208029.65,13546453405.38
2024-09,2024-12,3,90284,0.935849,2375120070.57,15921573475.95
2024-09,2025-01,4,90284,0.935849,1940395795.66,17861969271.61
2024-09,2025-02,5,90284,0.935849,1461050738.09,19323020009.7
2024-09,2025-03,6,90284,0.935849,1122908235.4,20445928245.1
2024-09,2025-04,7,90284,0.935849,770071362.78,21215999607.88
2024-09,2025-05,8,90284,0.935849,601227313.62,21817226921.5
2024-09,2025-06,9,90284,0.935849,467479310.79,22284706232.29
2024-09,2025-07,10,90284,0.935849,324367094.67,22609073326.97
2024-09,2025-08,11,90284,0.935849,219868215.91,22828941542.87
2024-09,2025-09,12,90284,0.935849,154730099.98,22983671642.85
2024-09,2025-10,13,90284,0.935849,108353469.84,23092025112.69
2024-09,2025-11,14,90284,0.935849,79731713.8,23171756826.49
2024-09,2025-12,15,90284,0.935849,38990811.64,23210747638.13
2024-10,2024-10,0,90244,0.975,7057460301.15,7057460301.15
2024-10,2024-11,1,90244,0.975,4206726061.89,11264186363.04
2024-10,2024-12,2,90244,0.975,3450967506.34,14715153869.39
2024-10,2025-01,3,90244,0.975,2480353843.63,17195507713.01
2024-10,2025-02,4,90244,0.975,1989875294.48,19185383007.49
2024-10,2025-03,5,90244,0.975,1549632551.23,20735015558.72
2024-10,2025-04,6,90244,0.975,1204224850.06,21939240408.79
2024-10,2025-05,7,90244,0.975,942072106.0,22881312514.79
2024-10,2025-06,8,90244,0.975,665276145.53,23546588660.32
2024-10,2025-07,9,90244,0.975,527179849.83,24073768510.16
2024-10,2025-08,10,90244,0.975,341319903.2,24415088413.36
2024-10,2025-09,11,90244,0.975,238163876.41,24653252289.77
2024-10,2025-10,12,90244,0.975,178193306.01,24831445595.78
2024-10,2025-11,13,90244,0.975,111705301.38,24943150897.16
2024-10,2025-12,14,90244,0.975,69621291.81,25012772188.97
2024-11,2024-11,0,90702,1.020849,7445449564.79,7445449564.79
2024-11,2024-12,1,90702,1.020849,4570715961.46,12016165526.26
2024-11,2025-01,2,90702,1.020849,3425657603.16,15441823129.42
2024-11,2025-02,3,90702,1.020849,2685298602.63,18127121732.05
2024-11,2025-03,4,90702,1.020849,2206548528.58,20333670260.64
2024-11,2025-04,5,90702,1.020849,1559354062.13,21893024322.76
2024-11,2025-05,6,90702,1.020849,1114278754.01,23007303076.77
2024-11,2025-06,7,90702,1.020849,843915410.79,23851218487.56
2024-11,2025-07,8,90702,1.020849,751109337.16,24602327824.72
2024-11,2025-08,9,90702,1.020849,493749685.23,25096077509.94
2024-11,2025-09,10,90702,1.020849,404844917.1,25500922427.04
2024-11,2025-10,11,90702,1.020849,225233314.87,25726155741.91
2024-11,2025-11,12,90702,1.020849,169646196.19,25895801938.1
2024-11,2025-12,13,90702,1.020849,121236868.16,26017038806.27
2024-12,2024-12,0,91469,1.061112,7195493667.08,7195493667.08
2024-12,2025-01,1,91469,1.061112,4745231670.7,11940725337.79
2024-12,2025-02,2,91469,1.061112,3466411915.81,15407137253.6
2024-12,2025-03,3,91469,1.061112,2692194837.57,18099332091.16
2024-12,2025-04,4,91469,1.061112,2216909252.03,20316241343.19
2024-12,2025-05,5,91469,1.061112,1582164848.58,21898406191.78
2024-12,2025-06,6,91469,1.061112,1348157187.79,23246563379.57
2024-12,2025-07,7,91469,1.061112,949901285.52,24196464665.09
2024-12,2025-08,8,91469,1.061112,732674638.2,24929139303.29
2024-12,2025-09,9,91469,1.061112,554649580.25,25483788883.53
2024-12,2025-10,10,91469,1.061112,386315836.05,25870104719.59
2024-12,2025-11,11,91469,1.061112,269237668.47,26139342388.06
2024-12,2025-12,12,91469,1.061112,155487568.12,26294829956.18
2025-01,2025-01,0,90532,1.085,7947496404.31,7947496404.31
2025-01,2025-02,1,90532,1.085,5127292055.11,13074788459.42
2025-01,2025-03,2,90532,1.085,3554885434.88,16629673894.3
2025-01,2025-04,3,90532,1.085,2874895196.63,19504569090.93
2025-01,2025-05,4,90532,1.085,2353862305.68,21858431396.61
2025-01,2025-06,5,90532,1.085,1800998075.39,23659429472.0
2025-01,2025-07,6,90532,1.085,1414132704.39,25073562176.4
2025-01,2025-08,7,90532,1.085,1002994412.89,26076556589.29
2025-01,2025-09,8,90532,1.085,784362153.14,26860918742.43
2025-01,2025-10,9,90532,1.085,554672924.05,27415591666.48
2025-01,2025-11,10,90532,1.085,384216611.06,27799808277.53
2025-01,2025-12,11,90532,1.085,289263023.04,28089071300.58
2025-02,2025-02,0,90958,1.086112,7558132740.78,7558132740.78
2025-02,2025-03,1,90958,1.086112,5064921245.0,12623053985.77
2025-02,2025-04,2,90958,1.086112,3889051387.46,16512105373.23
2025-02,2025-05,3,90958,1.086112,2893965774.55,19406071147.78
2025-02,2025-06,4,90958,1.086112,2366063202.87,21772134350.65
2025-02,2025-07,5,90958,1.086112,1860636483.99,23632770834.64
2025-02,2025-08,6,90958,1.086112,1369205656.15,25001976490.79
2025-02,2025-09,7,90958,1.086112,1024149167.85,26026125658.64
2025-02,2025-10,8,90958,1.086112,732554943.68,26758680602.32
2025-02,2025-11,9,90958,1.086112,564294538.75,27322975141.07
2025-02,2025-12,10,90958,1.086112,366205282.53,27689180423.6
2025-03,2025-03,0,92155,1.064151,7952396764.95,7952396764.95
2025-03,2025-04,1,92155,1.064151,5123356406.36,13075753171.31
2025-03,2025-05,2,92155,1.064151,3929105065.71,17004858237.02
2025-03,2025-06,3,92155,1.064151,2807925508.46,19812783745.48
2025-03,2025-07,4,92155,1.064151,2512302540.1,22325086285.57
2025-03,2025-08,5,92155,1.064151,1814126995.51,24139213281.08
2025-03,2025-09,6,92155,1.064151,1305000051.98,25444213333.06
2025-03,2025-10,7,92155,1.064151,1108191188.19,26552404521.25
2025-03,2025-11,8,92155,1.064151,801400426.93,27353804948.18
2025-03,2025-12,9,92155,1.064151,541082903.3,27894887851.48
2025-04,2025-04,0,91884,1.025,7718172050.48,7718172050.48
2025-04,2025-05,1,91884,1.025,4622705306.55,12340877357.02
2025-04,2025-06,2,91884,1.025,3329961118.85,15670838475.87
2025-04,2025-07,3,91884,1.025,2694696075.65,18365534551.52
2025-04,2025-08,4,91884,1.025,2163688788.86,20529223340.38
2025-04,2025-09,5,91884,1.025,1782410884.11,22311634224.49
2025-04,2025-10,6,91884,1.025,1241881620.34,23553515844.83
2025-04,2025-11,7,91884,1.025,957321305.68,24510837150.51
2025-04,2025-12,8,91884,1.025,805804433.97,25316641584.48
2025-05,2025-05,0,93063,0.979151,7501829564.98,7501829564.98
2025-05,2025-06,1,93063,0.979151,4721837224.57,12223666789.55
2025-05,2025-07,2,93063,0.979151,3520757337.89,15744424127.44
2025-05,2025-08,3,93063,0.979151,2821212703.05,18565636830.49
2025-05,2025-09,4,93063,0.979151,2434287738.66,20999924569.15
2025-05,2025-10,5,93063,0.979151,1613927683.48,22613852252.64
2025-05,2025-11,6,93063,0.979151,1402290622.45,24016142875.09
2025-05,2025-12,7,93063,0.979151,1044160262.44,25060303137.53
2025-06,2025-06,0,91932,0.938888,6761404571.33,6761404571.33
2025-06,2025-07,1,91932,0.938888,4580147971.83,11341552543.16
2025-06,2025-08,2,91932,0.938888,3111835475.22,14453388018.39
2025-06,2025-09,3,91932,0.938888,2591031531.61,17044419550.0
2025-06,2025-10,4,91932,0.938888,1940492261.37,18984911811.37
2025-06,2025-11,5,91932,0.938888,1510342857.86,20495254669.23
2025-06,2025-12,6,91932,0.938888,1041640639.32,21536895308.55
2025-07,2025-07,0,92509,0.915,6781398445.64,6781398445.64
2025-07,2025-08,1,92509,0.915,4130712197.23,10912110642.87
2025-07,2025-09,2,92509,0.915,3250560559.76,14162671202.64
2025-07,2025-10,3,92509,0.915,2484151254.08,16646822456.71
2025-07,2025-11,4,92509,0.915,2032309918.09,18679132374.8
2025-07,2025-12,5,92509,0.915,1460141914.32,20139274289.12
2025-08,2025-08,0,91281,0.913888,7323403357.03,7323403357.03
2025-08,2025-09,1,91281,0.913888,4776758611.32,12100161968.35
2025-08,2025-10,2,91281,0.913888,3114427463.9,15214589432.24
2025-08,2025-11,3,91281,0.913888,2482976724.94,17697566157.18
2025-08,2025-12,4,91281,0.913888,1756639454.63,19454205611.82
2025-09,2025-09,0,91639,0.935849,7414591721.2,7414591721.2
2025-09,2025-10,1,91639,0.935849,4745383921.09,12159975642.3
2025-09,2025-11,2,91639,0.935849,3454848601.63,15614824243.93
2025-09,2025-12,3,91639,0.935849,2575700057.09,18190524301.02
2025-10,2025-10,0,92388,0.975,7784753528.14,7784753528.14
2025-10,2025-11,1,92388,0.975,4983017131.21,12767770659.35
2025-10,2025-12,2,92388,0.975,3673450723.29,16441221382.64
2025-11,2025-11,0,91753,1.020849,8238137491.8,8238137491.8
2025-11,2025-12,1,91753,1.020849,4661198679.25,12899336171.05
2025-12,2025-12,0,92047,1.061112,8116527802.38,8116527802.38
